{"avg_prob_deck_D":0.09455198794603348,"_wandb":{"runtime":22},"_timestamp":1.766484962410629e+09,"_runtime":22,"cumulative_reward per episode":-5310,"avg_prob_deck_C":0.08765289932489395,"avg_prob_deck_F":0.15519800782203674,"episode":0,"_step":0,"avg_prob_deck_B":0.14429153501987457,"avg_prob_deck_A":0.1288529485464096,"Expected Return ":NaN,"mean_log_prob_episode":-2.0454261302948,"avg_prob_deck_G":0.17709697782993317,"avg_prob_deck_E":0.1029331386089325,"avg_prob_deck_H":0.10942254215478897}