{"avg_prob_deck_C":0.0006272695609368384,"avg_prob_deck_H":1.4609197478421265e-06,"cumulative_reward":3460,"average_reward_100_ep":2389.15,"_step":1548,"avg_prob_deck_B":0.000369544344721362,"avg_prob_deck_D":0.9988802671432495,"_wandb":{"runtime":1305},"avg_prob_deck_E":6.356910944305127e-07,"avg_prob_deck_G":2.103637598338537e-06,"policy_loss":-0.010607299394905567,"gradients/policy_net.0.bias":{"_type":"histogram","values":[12,0,0,0,0,0,0,1,0,1,0,0,0,0,0,0,1,0,0,0,1,0,0,0,1,1,1,0,1,1,1,0,1,1,2,1,0,1,0,1,0,0,0,0,0,0,0,1,0,0,0,1,0,0,0,0,0,0,0,0,0,0,0,1],"bins":[-4.4908621930517256e-05,0.01103134360164404,0.022107595577836037,0.03318384662270546,0.04426009953022003,0.055336352437734604,0.06641259789466858,0.07748885452747345,0.08856510370969772,0.099641352891922,0.11071760952472687,0.12179385870695114,0.13287010788917542,0.14394636452198029,0.15502262115478516,0.16609886288642883,0.1771751195192337,0.18825137615203857,0.19932761788368225,0.21040387451648712,0.221480131149292,0.23255637288093567,0.24363262951374054,0.2547088861465454,0.2657851278781891,0.27686139941215515,0.28793764114379883,0.2990138828754425,0.31009015440940857,0.32116639614105225,0.3322426378726959,0.343318909406662,0.35439518094062805,0.36547142267227173,0.3765476942062378,0.38762393593788147,0.39870017766952515,0.4097764492034912,0.4208526909351349,0.43192893266677856,0.44300520420074463,0.4540814459323883,0.465157687664032,0.47623395919799805,0.4873102009296417,0.4983864426612854,0.5094627141952515,0.5205389261245728,0.5316151976585388,0.5426914691925049,0.5537676811218262,0.5648439526557922,0.5759202241897583,0.5869964957237244,0.5980727076530457,0.6091489791870117,0.6202252507209778,0.6313014626502991,0.6423777341842651,0.6534540057182312,0.6645302176475525,0.6756064891815186,0.6866827607154846,0.6977589726448059,0.708835244178772]},"gradients/policy_net.0.weight":{"bins":[-0.00019593597971834242,0.010606340132653713,0.02140861749649048,0.03221089392900467,0.04301317036151886,0.05381544679403305,0.06461772322654724,0.07541999965906143,0.08622227609157562,0.09702455252408981,0.107826828956604,0.1186291053891182,0.12943138182163239,0.14023365080356598,0.15103593468666077,0.16183821856975555,0.17264048755168915,0.18344275653362274,0.19424504041671753,0.20504732429981232,0.2158495932817459,0.2266518622636795,0.2374541461467743,0.24825643002986908,0.2590586841106415,0.2698609530925751,0.28066322207450867,0.29146552085876465,0.30226778984069824,0.31307005882263184,0.3238723576068878,0.3346746265888214,0.3454769253730774,0.356279194355011,0.3670814633369446,0.37788376212120056,0.38868603110313416,0.39948830008506775,0.41029059886932373,0.4210928678512573,0.4318951368331909,0.4426974058151245,0.4534996747970581,0.4643019735813141,0.4751042425632477,0.4859065115451813,0.49670881032943726,0.5075110793113708,0.5183133482933044,0.529115617275238,0.5399178862571716,0.55072021484375,0.5615224838256836,0.5723247528076172,0.5831270217895508,0.5939292907714844,0.604731559753418,0.6155338287353516,0.6263360977172852,0.6371383666992188,0.6479406356811523,0.6587429642677307,0.6695452332496643,0.6803475022315979,0.6911497712135315],"_type":"histogram","values":[248,0,0,0,0,0,1,1,1,1,0,0,0,0,0,1,1,0,1,0,1,0,1,2,1,2,2,1,2,1,4,0,2,2,2,2,0,1,0,1,0,0,1,0,0,0,1,1,0,0,0,1,0,0,0,0,0,1,0,0,0,0,0,1]},"avg_prob_deck_F":0.00011835346958832815,"mean_log_prob_episode":-0.0011206435738131404,"_runtime":1305,"gradients/policy_net.2.bias":{"values":[1,0,0,0,0,0,0,0,0,0,0,0,0,0,0,0,0,0,0,0,0,0,0,0,0,0,0,0,0,0,0,6,0,0,0,0,0,0,0,0,0,0,0,0,0,0,0,0,0,0,0,0,0,0,0,0,0,0,0,0,0,0,0,1],"bins":[-0.9357966780662537,-0.9062970280647278,-0.8767973780632019,-0.8472976684570312,-0.8177980184555054,-0.7882983684539795,-0.7587987184524536,-0.7292990684509277,-0.6997994184494019,-0.670299768447876,-0.6408000588417053,-0.6113004088401794,-0.5818007588386536,-0.5523010492324829,-0.522801399230957,-0.49330174922943115,-0.4638020992279053,-0.4343024492263794,-0.4048027992248535,-0.37530308961868286,-0.345803439617157,-0.3163037896156311,-0.2868041396141052,-0.25730448961257935,-0.22780483961105347,-0.1983051300048828,-0.16880548000335693,-0.13930583000183105,-0.10980618000030518,-0.0803065299987793,-0.05080682039260864,-0.021307170391082764,0.00819253921508789,0.03769218921661377,0.06719183921813965,0.0966915488243103,0.12619119882583618,0.15569084882736206,0.18519049882888794,0.21469014883041382,0.24418985843658447,0.27368950843811035,0.30318915843963623,0.3326888084411621,0.362188458442688,0.39168810844421387,0.4211878180503845,0.4506874680519104,0.4801871180534363,0.5096867680549622,0.5391864776611328,0.5686861276626587,0.5981857776641846,0.6276854276657104,0.6571850776672363,0.6866847276687622,0.7161843776702881,0.7456840872764587,0.7751837372779846,0.8046833872795105,0.8341830372810364,0.863682746887207,0.8931823968887329,0.9226820468902588,0.9521816968917847],"_type":"histogram"},"episode":1543,"_timestamp":1.7618240980286992e+09,"gradients/policy_net.2.weight":{"_type":"histogram","values":[1,0,1,0,0,0,1,0,0,1,1,2,1,1,1,1,0,1,1,1,2,2,0,0,0,2,0,0,0,0,0,215,1,0,0,0,0,0,2,0,0,0,3,1,2,0,1,0,2,1,0,1,2,1,1,0,0,1,0,0,0,1,0,1],"bins":[-1.6707463264465332,-1.6182459592819214,-1.5657455921173096,-1.5132452249526978,-1.460744857788086,-1.4082444906234741,-1.3557441234588623,-1.303243637084961,-1.2507433891296387,-1.1982429027557373,-1.145742654800415,-1.0932421684265137,-1.0407418012619019,-0.98824143409729,-0.9357410669326782,-0.8832406997680664,-0.8307403326034546,-0.7782399654388428,-0.725739598274231,-0.6732392311096191,-0.6207388639450073,-0.5682384967803955,-0.5157381296157837,-0.4632377624511719,-0.4107372760772705,-0.3582369089126587,-0.3057365417480469,-0.25323617458343506,-0.20073580741882324,-0.14823544025421143,-0.09573507308959961,-0.04323470592498779,0.009265780448913574,0.06176614761352539,0.11426651477813721,0.16676688194274902,0.21926724910736084,0.27176761627197266,0.3242679834365845,0.3767683506011963,0.4292687177658081,0.4817692041397095,0.5342695713043213,0.5867699384689331,0.6392703056335449,0.6917706727981567,0.7442710399627686,0.7967714071273804,0.8492717742919922,0.901772141456604,0.9542725086212158,1.0067728757858276,1.0592732429504395,1.1117737293243408,1.164273977279663,1.2167744636535645,1.2692747116088867,1.321775197982788,1.3742754459381104,1.4267759323120117,1.4792762994766235,1.5317766666412354,1.5842770338058472,1.636777400970459,1.6892777681350708]},"avg_prob_deck_A":4.0202908735409437e-07}