{"avg_prob_deck_E":0.1372530609369278,"avg_prob_deck_B":0.09317301213741302,"episode":0,"avg_prob_deck_G":0.15355464816093445,"cumulative_reward per episode":880,"_wandb":{"runtime":22},"avg_prob_deck_A":0.14908835291862488,"_step":0,"mean_log_prob_episode":-2.0559117794036865,"Expected Return ":NaN,"avg_prob_deck_C":0.12885089218616486,"_timestamp":1.76648481475665e+09,"avg_prob_deck_H":0.14532522857189178,"avg_prob_deck_D":0.07835976779460907,"avg_prob_deck_F":0.11439508199691772,"_runtime":22}