{"_runtime":34,"avg_prob_deck_C":0.18659253418445587,"_wandb":{"runtime":34},"avg_prob_deck_H":0.1929783672094345,"avg_prob_deck_G":0.11101438105106354,"_step":0,"avg_prob_deck_B":0.11958404630422592,"avg_prob_deck_E":0.1326187252998352,"avg_prob_deck_D":0.09093530476093292,"avg_prob_deck_F":0.08426257967948914,"Expected Return ":NaN,"episode":0,"avg_prob_deck_A":0.08201409876346588,"mean_log_prob_episode":-2.023988723754883,"_timestamp":1.766485056520052e+09,"cumulative_reward per episode":7290}