{"Expected Return ":NaN,"avg_prob_deck_B":0.14286276698112488,"_wandb":{"runtime":6},"_step":0,"mean_log_prob_episode":-2.0205626487731934,"avg_prob_deck_G":0.16936862468719482,"_runtime":6,"avg_prob_deck_A":0.17739731073379517,"avg_prob_deck_E":0.1524794101715088,"episode":0,"cumulative_reward per episode":-2860,"_timestamp":1.7664845934065356e+09,"avg_prob_deck_D":0.10320086032152176,"avg_prob_deck_F":0.10266295075416565,"avg_prob_deck_H":0.08293963968753815,"avg_prob_deck_C":0.06908847391605377}